"","day","mean","sd"
"DIA_5",5,1.114625,0.207380903859816
"DIA_6",6,1.657625,0.16426193150836
"DIA_7",7,2.22925,0.220720087764701
"DIA_8",8,3.0575,0.25890593989765
"DIA_9",9,3.99825,0.260726868580896
"DIA_10",10,5.0495,0.251668148844579
"DIA_11",11,6.210625,0.376986145065609
"DIA_12",12,7.294625,0.398238240791327
